Model,R2
Baseline,-0.026368609611765903
Threshold,-0.12790364709474167
Soft,-0.0466039439928303
