Model,MAE,RMSE,R2,MAE_Improvement
Baseline (Mean),63.70624408661363,160.37212570918055,-0.17675393997428235,0.0
Linear Regression,63.81690699127814,159.28703642585438,-0.16088380864623253,-0.17370809761450282
Ridge Regression,63.867742189598005,159.3636089545917,-0.16200019798771947,-0.2535043547141241
Gradient Boosting,63.992930485290046,159.4595489453658,-0.16339971254764207,-0.45001302900017665
Random Forest,64.19374651342386,159.08990784030203,-0.15801224064342034,-0.7652349213170268
