Model,MAE,R2
Baseline,300.72489740478227,-0.007596350905187732
Single-Stage GB,209.7830226748594,-0.08468873899541673
Two-Stage,286.3137304363362,-0.06463132063465804
