Model,MAE,RMSE,R2,MAE_Improvement_%
Baseline (Mean),247.90167453482803,468.7389948394591,-0.025807169606476554,0.0
Linear Regression,183.51329350867874,495.0016597963606,-0.1439758904330568,25.973354616087224
Ridge Regression,183.20598902913198,495.37326571642456,-0.1456941383328645,26.097316860442128
Random Forest,183.52763354009272,494.96360559851894,-0.14380000653184322,25.96757005192852
Gradient Boosting,183.1913926061927,495.57549772278526,-0.1466297694389187,26.10320484928556
