Model,MAE,R2
Baseline,256.13474803956717,-0.023457707779539705
Single-Stage (Yeo-Johnson),188.43078976947587,-0.13230744504131953
Two-Stage (Yeo-Johnson),235.5810598180572,0.002361779160694355
