Model,MAE,RMSE,R2
Baseline,300.72489740478227,685.28989017627,-0.007596350905187732
Single-Stage,210.98186420587376,710.2019157687739,-0.08218526222556499
Two-Stage Hard,224.89493260017036,714.2312690640999,-0.09449972207904422
Two-Stage Soft,279.2626809045303,682.4874186360389,0.0006278657325137216
Two-Stage Optimized,226.99131999764504,713.5257134293921,-0.09233838007575401
