Model,MAE,RMSE,R2
Baseline (Mean),256.95704959266817,494.1583685564108,-0.023216680739794437
Two-Stage (Skewness Reduced),238.56286866650808,497.5034449314458,-0.03711636485062142
