Model,Train_RMSE,Test_RMSE,Train_MAE,Test_MAE,Train_R2,Test_R2
Linear Regression,124.08745957391804,100.34035542919544,75.22771743707045,42.93401567502293,0.08197396372004784,0.013695056813150308
Random Forest,110.03520927178009,101.16259817448991,67.29100043470405,56.631892128573824,0.2781240731540229,-0.002535798499412323
XGBoost,67.22250257721694,103.53234070460945,40.33455000022998,56.99870428056773,0.7305807861224913,-0.05005489857872503
